[
  {
    "id": "64f890ee-2b60-4e7e-b4b4-0d152450031d",
    "name": "Original Fried Chicken",
    "nameAr": "دجاج مقلي أصلي",
    "description": "Crispy golden fried chicken with our secret spice blend",
    "descriptionAr": "دجاج مقلي ذهبي مقرمش بخلطة التوابل السرية",
    "price": "25.00",
    "categoryId": "5d813b9a-13d1-4822-abfe-10e323693420",
    "imageUrl": "/uploads/menu-items/1755462093971-431717230.jpg",
    "isAvailable": true,
    "calories": 350,
    "createdAt": "2025-08-17T05:00:13.710Z",
    "updatedAt": "2025-08-17T20:21:42.520Z"
  },
  {
    "id": "7c36c8c5-d0ba-4875-896d-ef10f563cca5",
    "name": "Spicy Fried Chicken",
    "nameAr": "دجاج مقلي حار",
    "description": "Fiery hot fried chicken for spice lovers",
    "descriptionAr": "دجاج مقلي حار لمحبي الطعم الحار",
    "price": "27.00",
    "categoryId": "5d813b9a-13d1-4822-abfe-10e323693420",
    "imageUrl": "/uploads/menu-items/1755407330815-936729291.jpg",
    "isAvailable": true,
    "calories": 360,
    "createdAt": "2025-08-17T05:00:13.711Z",
    "updatedAt": "2025-08-17T05:09:00.519Z"
  },
  {
    "id": "03f628c1-9942-4452-a1fe-9512ab16e0d2",
    "name": "Classic Broasted",
    "nameAr": "بروستد كلاسيكي",
    "description": "Tender broasted chicken with herbs and spices",
    "descriptionAr": "دجاج بروستد طري بالأعشاب والتوابل",
    "price": "30.00",
    "categoryId": "2964d7d3-0773-45cb-afa8-b72408c9f427",
    "imageUrl": "/uploads/menu-items/1755462129157-664201656.jpg",
    "isAvailable": true,
    "calories": 320,
    "createdAt": "2025-08-17T05:00:13.712Z",
    "updatedAt": "2025-08-17T20:22:15.137Z"
  },
  {
    "id": "3a29146b-1d3e-40b1-959f-6492c75e2a42",
    "name": "Family Broasted Meal",
    "nameAr": "وجبة بروستد عائلية",
    "description": "Perfect for sharing - 8 pieces of broasted chicken",
    "descriptionAr": "مثالية للمشاركة - 8 قطع دجاج بروستد",
    "price": "85.00",
    "categoryId": "2964d7d3-0773-45cb-afa8-b72408c9f427",
    "imageUrl": null,
    "isAvailable": true,
    "calories": 1200,
    "createdAt": "2025-08-17T05:00:13.713Z",
    "updatedAt": null
  },
  {
    "id": "58a9e1dc-8de2-4f47-981f-e0db44182276",
    "name": "French Fries",
    "nameAr": "بطاطس مقلية",
    "description": "Golden crispy french fries",
    "descriptionAr": "بطاطس مقلية ذهبية مقرمشة",
    "price": "12.00",
    "categoryId": "dd12ff64-a537-4895-9edc-bb80154b937f",
    "imageUrl": null,
    "isAvailable": true,
    "calories": 280,
    "createdAt": "2025-08-17T05:00:13.713Z",
    "updatedAt": null
  },
  {
    "id": "9fb2142a-d105-44f1-b6e4-0197a69cad3b",
    "name": "Coleslaw",
    "nameAr": "سلطة كولسلو",
    "description": "Fresh and creamy coleslaw salad",
    "descriptionAr": "سلطة كولسلو طازجة وكريمية",
    "price": "10.00",
    "categoryId": "dd12ff64-a537-4895-9edc-bb80154b937f",
    "imageUrl": null,
    "isAvailable": true,
    "calories": 150,
    "createdAt": "2025-08-17T05:00:13.728Z",
    "updatedAt": null
  },
  {
    "id": "a65ce594-2a1a-40f6-9dd7-c8e6e3cd832f",
    "name": "Coca Cola",
    "nameAr": "كوكا كولا",
    "description": "Classic Coca Cola soft drink",
    "descriptionAr": "مشروب كوكا كولا الكلاسيكي",
    "price": "5.00",
    "categoryId": "d9f10479-7567-49b3-8e9b-a248ee73fdae",
    "imageUrl": null,
    "isAvailable": true,
    "calories": 140,
    "createdAt": "2025-08-17T05:00:13.731Z",
    "updatedAt": null
  },
  {
    "id": "34396170-00fb-41c3-99ba-0f11c0a9be31",
    "name": "Fresh Orange Juice",
    "nameAr": "عصير برتقال طازج",
    "description": "Freshly squeezed orange juice",
    "descriptionAr": "عصير برتقال طازج معصور",
    "price": "8.00",
    "categoryId": "d9f10479-7567-49b3-8e9b-a248ee73fdae",
    "imageUrl": null,
    "isAvailable": true,
    "calories": 110,
    "createdAt": "2025-08-17T05:00:13.732Z",
    "updatedAt": null
  }
]