[
  {
    "id": "b1ee1160-97bf-4464-9059-8945ae024f7b",
    "guestName": "محمد الحضرمي",
    "guestPhone": "0776751947",
    "guestEmail": "dealergh@test.com",
    "street": "15.371536, 44.199147",
    "city": "موقع جغرافي",
    "area": "موقع جغرافي",
    "buildingNumber": null,
    "apartmentNumber": null,
    "addressDetails": "",
    "totalAmount": "85.00",
    "paymentMethod": "cash_on_delivery",
    "notes": "",
    "latitude": "15.371535605582942",
    "longitude": "44.199147301771575",
    "createdAt": "2025-08-17T05:06:28.254Z",
    "updatedAt": "2025-08-17T20:08:27.710Z",
    "status": "out_for_delivery"
  }
]