[
  {
    "id": "e48c2e15-d91f-48b0-b32a-86473b5267b4",
    "primaryColor": "#f2ce18",
    "secondaryColor": "#000000",
    "accentColor": "#00ffff",
    "backgroundColor": "#FAFAFA",
    "logoUrl": null,
    "logoText": "تشكن هات",
    "faviconUrl": null,
    "contactPhone": "77777777777",
    "contactEmail": "info@chickenhat.com",
    "whatsappNumber": "+967777777777",
    "streetAddress": "شارع القاهرة",
    "city": "صنعاء",
    "area": "اليمن",
    "postalCode": "12345",
    "mapLocation": null,
    "facebookUrl": null,
    "instagramUrl": null,
    "twitterUrl": null,
    "tiktokUrl": null,
    "heroTitle": "وجهتكم الأولى لأشهى أنواع الدجاج المقلي والبروستد",
    "heroSubtitle": "نقدم لكم أجود أنواع الدجاج المقرمش بأفضل المكونات والنكهات الأصيلة\nمع خدمة توصيل سريعة وجودة لا تُضاهى",
    "aboutTitle": "عن تشكن هات",
    "aboutDescription": "مطعم تشكن هات هو وجهتكم المفضلة لأشهى أنواع الدجاج المقلي والبروستد. نحن نفخر بتقديم أجود أنواع الدجاج الطازج المتبل بأفضل الخلطات والتوابل السرية التي تميزنا عن غيرنا.",
    "operatingHours": "السبت - الخميس: 10:00 ص - 12:00 م\nالجمعة: 2:00 م - 12:00 م",
    "deliveryFee": "15.00",
    "freeDeliveryThreshold": "100.00",
    "deliveryTime": "30-45 دقيقة",
    "isDeliveryEnabled": true,
    "isPickupEnabled": true,
    "isReservationsEnabled": true,
    "isOnlinePaymentEnabled": true,
    "siteTitle": "تشكن هات - أفضل دجاج مقلي في اليمن",
    "siteDescription": "تشكن هات - مطعم متخصص في الدجاج المقلي والبروستد بأجود أنواع التوابل والنكهات. اطلب الآن واستمتع بطعم لا يُنسى مع توصيل مجاني.",
    "siteKeywords": "دجاج مقلي, بروستد, مطعم, توصيل, صنعاء, طعام سريع",
    "createdAt": "2025-08-17T05:00:13.391Z",
    "updatedAt": "2025-08-19T00:54:02.008Z"
  }
]